year_month,israel_palestine_events,russia_ukraine_events,yemen_events,israel_palestine_fatalities,russia_ukraine_fatalities,yemen_fatalities
2019-01,56.0,1033.0,747.0,3.0,69.0,1599.0
2019-02,50.0,1131.0,664.0,0.0,72.0,1443.0
2019-03,169.0,1348.0,768.0,3.0,30.0,1719.0
2019-04,54.0,1297.0,683.0,2.0,33.0,1658.0
2019-05,136.0,1235.0,649.0,12.0,21.0,1748.0
2019-06,60.0,1383.0,630.0,1.0,24.0,1673.0
2019-07,33.0,1156.0,578.0,6.0,31.0,1453.0
2019-08,61.0,872.0,510.0,9.0,29.0,1237.0
2019-09,38.0,1184.0,439.0,0.0,23.0,894.0
2019-10,51.0,1483.0,485.0,1.0,15.0,926.0
2019-11,118.0,1150.0,520.0,43.0,15.0,682.0
2019-12,49.0,1039.0,580.0,2.0,20.0,798.0
2020-01,6.0,681.0,293.0,0.0,10.0,544.0
2020-02,4.0,745.0,279.0,0.0,11.0,522.0
2020-03,3.0,856.0,343.0,0.0,12.0,903.0
2020-04,3.0,628.0,449.0,1.0,7.0,1172.0
2020-05,3.0,692.0,393.0,0.0,7.0,1051.0
2020-06,4.0,538.0,413.0,0.0,7.0,972.0
2020-07,1.0,458.0,377.0,1.0,5.0,714.0
2020-08,8.0,79.0,409.0,0.0,15.0,1020.0
2020-09,0.0,110.0,418.0,0.0,5.0,839.0
2020-10,1.0,130.0,376.0,0.0,20.0,755.0
2020-11,1.0,114.0,365.0,0.0,2.0,995.0
2020-12,0.0,152.0,276.0,0.0,6.0,615.0
2021-01,1.0,178.0,239.0,0.0,8.0,480.0
2021-02,3.0,225.0,343.0,1.0,12.0,1218.0
2021-03,2.0,216.0,392.0,0.0,10.0,1440.0
2021-04,2.0,389.0,361.0,0.0,12.0,1077.0
2021-05,19.0,487.0,243.0,0.0,9.0,866.0
2021-06,5.0,269.0,225.0,0.0,5.0,757.0
2021-07,5.0,385.0,315.0,0.0,2.0,692.0
2021-08,4.0,347.0,264.0,0.0,9.0,612.0
2021-09,1.0,353.0,225.0,0.0,7.0,557.0
2021-10,2.0,457.0,310.0,0.0,4.0,813.0
2021-11,0.0,583.0,298.0,0.0,10.0,1240.0
2021-12,1.0,310.0,306.0,0.0,7.0,877.0
2022-01,0.0,258.0,326.0,0.0,4.0,677.0
2022-02,0.0,949.0,185.0,0.0,337.0,434.0
2022-03,2.0,1334.0,191.0,0.0,3429.0,405.0
2022-04,2.0,962.0,173.0,0.0,1477.0,60.0
2022-05,2.0,1224.0,180.0,0.0,1909.0,51.0
2022-06,3.0,1445.0,156.0,0.0,625.0,51.0
2022-07,0.0,1879.0,155.0,0.0,1549.0,28.0
2022-08,4.0,2124.0,202.0,0.0,1385.0,69.0
2022-09,1.0,1696.0,200.0,0.0,1806.0,36.0
2022-10,1.0,1417.0,90.0,1.0,1650.0,48.0
2022-11,2.0,1518.0,58.0,0.0,2377.0,43.0
2022-12,1.0,1398.0,64.0,0.0,1790.0,56.0
2023-01,1.0,1460.0,50.0,0.0,1266.0,35.0
2023-02,0.0,1335.0,50.0,0.0,628.0,27.0
2023-03,3.0,1340.0,66.0,0.0,983.0,82.0
2023-04,1.0,1120.0,52.0,0.0,307.0,20.0
2023-05,6.0,1283.0,53.0,0.0,1066.0,29.0
2023-06,3.0,1420.0,43.0,4.0,612.0,30.0
2023-07,3.0,1147.0,62.0,0.0,423.0,21.0
2023-08,0.0,1439.0,68.0,0.0,309.0,32.0
2023-09,2.0,1251.0,70.0,0.0,102.0,30.0
2023-10,32.0,1214.0,50.0,97.0,636.0,39.0
2023-11,12.0,1063.0,23.0,1.0,732.0,20.0
2023-12,7.0,1114.0,30.0,0.0,172.0,41.0
2024-01,5.0,1162.0,22.0,0.0,227.0,18.0
2024-02,4.0,1073.0,32.0,0.0,203.0,21.0
2024-03,11.0,1335.0,21.0,3.0,185.0,9.0
2024-04,13.0,1079.0,22.0,1.0,157.0,13.0
2024-05,1500.0,4796.0,266.0,2431.0,8126.0,224.0
2024-06,1365.0,5001.0,360.0,2069.0,9227.0,225.0
2024-07,1480.0,5579.0,368.0,2430.0,5977.0,178.0
2024-08,1607.0,6415.0,290.0,2404.0,5738.0,169.0
2024-09,1348.0,6508.0,376.0,1288.0,6360.0,356.0
2024-10,1845.0,6856.0,327.0,2966.0,7962.0,234.0
2024-11,1546.0,5997.0,301.0,2247.0,9332.0,179.0
2024-12,991.0,5896.0,371.0,1568.0,9118.0,383.0
2025-01,793.0,6930.0,432.0,1147.0,7298.0,355.0
2025-02,365.0,6629.0,293.0,158.0,6896.0,262.0
2025-03,767.0,7444.0,446.0,1320.0,7869.0,324.0
