year_month,coal_australia_usd_metric_ton
2019-01,105.4012987
2019-02,101.3571429
2019-03,99.66989796
2019-04,88.76464286
2019-05,89.56428571
2019-06,77.62982143
2019-07,77.84580745
2019-08,69.73928571
2019-09,66.95867347
2019-10,69.19425466
2019-11,69.72908163
2019-12,70.46464286
2020-01,72.10616883
2020-02,71.05017857
2020-03,70.20487013
2020-04,64.62
2020-05,54.14830827
2020-06,55.00275974
2020-07,51.67220497
2020-08,51.3825
2020-09,52.00568182
2020-10,58.06948052
2020-11,62.94642857
2020-12,80.58979592
2021-01,90.99535714
2021-02,92.48571429
2021-03,95.23090062
2021-04,97.84767857
2021-05,104.2071429
2021-06,132.1529221
2021-07,153.1982143
2021-08,173.5683673
2021-09,188.1228896
2021-10,240.7321429
2021-11,177.8016234
2021-12,181.4739796
2022-01,231.7601786
2022-02,272.4867857
2022-03,353.440528
2022-04,334.7182331
2022-05,418.4938776
2022-06,427.425
2022-07,433.6265306
2022-08,447.4475649
2022-09,467.7836735
2022-10,426.9091837
2022-11,368.2582792
2022-12,427.6869643
2023-01,404.5352041
2023-02,244.2053571
2023-03,195.9992236
2023-04,200.6761905
2023-05,179.2623214
2023-06,138.6316558
2023-07,141.0295918
2023-08,152.7925325
2023-09,168.4790816
2023-10,150.7383117
2023-11,132.1193182
2023-12,149.362218
2024-01,140.8178571
2024-02,128.7005102
2024-03,137.7032143
2024-04,137.4953571
2024-05,148.0060714
2024-06,143.5092857
2024-07,141.9942857
2024-08,151.635
2024-09,148.7432143
2024-10,153.2175
2024-11,150.57
2024-12,140.2242857
2025-01,125.3228571
2025-02,113.1739286
2025-03,104.7685714
2025-04,101.1428571
2025-05,104.0378571
2025-06,110.1385714
2025-07,116.2992857
2025-08,119.2135714
2025-09,112.5342857
2025-10,111.4982143
2025-11,115.4367857
2025-12,115.6842857
