year_month,copper_usd_metric_ton
2019-01,5939.102272727273
2019-02,6300.4875
2019-03,6439.464285714286
2019-04,6438.3625
2019-05,6017.904761904762
2019-06,5882.225
2019-07,5941.195652173913
2019-08,5709.440476190476
2019-09,5759.25
2019-10,5757.297826086957
2019-11,5859.952380952381
2019-12,6077.0625
2020-01,6031.209090909091
2020-02,5687.75
2020-03,5182.631818181818
2020-04,5057.972
2020-05,5239.826315789474
2020-06,5754.595454545455
2020-07,6372.460869565217
2020-08,6508.392857142857
2020-09,6704.9
2020-10,6713.811363636364
2020-11,7068.907142857143
2020-12,7772.238095238095
2021-01,7972.1475
2021-02,8470.94
2021-03,8988.247826086958
2021-04,9324.8175
2021-05,10166.285
2021-06,9631.5
2021-07,9450.820454545456
2021-08,9370.138571428572
2021-09,9324.709545454543
2021-10,9829.219047619048
2021-11,9728.904545454545
2021-12,9551.18
2022-01,9782.3375
2022-02,9943.175
2022-03,10230.89391304348
2022-04,10174.34761904762
2022-05,9395.027272727271
2022-06,9067.55181818182
2022-07,7544.809523809524
2022-08,7990.812173913043
2022-09,7746.011363636364
2022-10,7651.082857142857
2022-11,8049.861363636364
2022-12,8371.091363636364
2023-01,9007.346363636363
2023-02,8936.587
2023-03,8856.310869565217
2023-04,8809.1575
2023-05,8243.156086956522
2023-06,8396.517727272727
2023-07,8476.679047619047
2023-08,8347.828260869564
2023-09,8276.71380952381
2023-10,7941.355909090909
2023-11,8189.587727272727
2023-12,8407.900476190476
2024-01,8351.339565217391
2024-02,8304.950476190475
2024-03,8692.819047619048
2024-04,9445.593636363636
2024-05,10117.163478260873
2024-06,9648.167
2024-07,9385.31304347826
2024-08,8981.117727272727
2024-09,9259.128571428571
2024-10,9533.991304347826
2024-11,9075.727142857144
2024-12,8909.907727272726
2025-01,8976.68043478261
2025-02,9330.975
2025-03,9735.823333333332
2025-04,9172.695909090908
2025-05,9531.200909090909
2025-06,9835.068095238095
2025-07,9770.580434782609
2025-08,9671.875714285714
2025-09,9994.773181818182
2025-10,10739.91826086957
2025-11,10812.028
2025-12,11790.96409090909
