year_month,gold_close_mean,gold_close_max,gold_close_min
2019-01,1290.8618977864583,1319.699951171875,1279.0999755859375
2019-02,1318.4473684210527,1343.300048828125,1307.0
2019-03,1298.5285935174852,1321.9000244140625,1282.0
2019-04,1284.7857200985864,1309.0999755859375,1269.300048828125
2019-05,1283.3727195046165,1305.800048828125,1269.699951171875
2019-06,1359.669989013672,1414.9000244140625,1322.699951171875
2019-07,1413.295448996804,1429.699951171875,1385.5999755859375
2019-08,1502.0363658558238,1541.0,1420.9000244140625
2019-09,1507.4199951171875,1550.300048828125,1465.699951171875
2019-10,1493.330423106318,1511.4000244140625,1477.5999755859375
2019-11,1470.0000061035157,1508.0,1452.0999755859375
2019-12,1480.8523763020833,1519.5,1459.0999755859375
2020-01,1559.933337983631,1583.5,1524.5
2020-02,1595.6157804790296,1672.4000244140625,1550.4000244140625
2020-03,1594.6500077681108,1674.5,1477.300048828125
2020-04,1694.9809395926338,1756.699951171875,1578.199951171875
2020-05,1718.6900146484375,1753.4000244140625,1684.199951171875
2020-06,1735.922735040838,1793.0,1676.199951171875
2020-07,1847.5409046519887,1962.800048828125,1773.199951171875
2020-08,1966.2380836123511,2051.5,1911.800048828125
2020-09,1920.2761869884673,1968.199951171875,1857.699951171875
2020-10,1900.245450106534,1924.5999755859373,1865.5999755859373
2020-11,1866.0799987792968,1950.300048828125,1775.699951171875
2020-12,1859.2954434481535,1893.0999755859373,1814.0999755859373
2021-01,1865.1842169510692,1952.699951171875,1829.300048828125
2021-02,1805.531584087171,1860.800048828125,1728.0999755859375
2021-03,1719.5173923658288,1741.4000244140625,1677.699951171875
2021-04,1759.7571440197173,1792.300048828125,1726.5
2021-05,1850.6450073242188,1902.5,1775.800048828125
2021-06,1834.1227361505682,1907.5,1762.800048828125
2021-07,1805.5047607421875,1831.199951171875,1775.9000244140625
2021-08,1785.231805974787,1818.0999755859373,1723.4000244140625
2021-09,1775.8999953497023,1830.9000244140625,1721.5
2021-10,1776.404750279018,1806.0,1754.5999755859375
2021-11,1819.499988374256,1869.699951171875,1763.5999755859375
2021-12,1791.0454434481535,1827.5,1760.699951171875
2022-01,1816.6399963378906,1852.699951171875,1784.9000244140625
2022-02,1857.7420911287006,1925.0999755859373,1800.300048828125
2022-03,1950.6739024286685,2040.0999755859373,1908.0
2022-04,1933.9300048828125,1982.9000244140625,1885.9000244140625
2022-05,1845.9380987258185,1881.199951171875,1807.4000244140625
2022-06,1834.547619047619,1871.5,1804.0999755859373
2022-07,1729.8,1798.9000244140625,1699.5
2022-08,1762.4782608695652,1798.5999755859375,1712.800048828125
2022-09,1678.6142868768602,1728.0999755859375,1623.300048828125
2022-10,1665.8380940755208,1721.0999755859375,1627.5
2022-11,1726.047630673363,1773.800048828125,1627.300048828125
2022-12,1797.1142868768602,1819.699951171875,1767.4000244140625
2023-01,1899.8349914550781,1941.199951171875,1834.800048828125
2023-02,1853.2368485300165,1927.800048828125,1808.800048828125
2023-03,1912.9608685037365,1993.800048828125,1812.699951171875
2023-04,2001.04736328125,2041.300048828125,1979.5
2023-05,1993.4227294921875,2048.0,1943.0999755859373
2023-06,1941.652378627232,1978.0,1909.199951171875
2023-07,1950.7649963378906,1977.5,1908.699951171875
2023-08,1917.5565185546875,1944.300048828125,1884.0999755859373
2023-09,1912.4099975585937,1945.5999755859373,1848.0999755859373
2023-10,1915.5681762695312,1996.199951171875,1816.5999755859373
2023-11,1985.3714250837054,2047.0999755859373,1932.5999755859373
2023-12,2031.6749938964845,2081.89990234375,1977.800048828125
2024-01,2028.0428466796875,2064.39990234375,2002.5999755859373
2024-02,2025.214990234375,2053.0,1990.300048828125
2024-03,2161.8699951171875,2217.39990234375,2086.89990234375
2024-04,2332.590897993608,2398.39990234375,2236.5
2024-05,2349.6318026455965,2433.89990234375,2299.0
2024-06,2326.0789345189146,2370.300048828125,2299.199951171875
2024-07,2393.3363702947445,2462.39990234375,2323.0
2024-08,2467.249988902699,2525.699951171875,2389.10009765625
2024-09,2572.869982910156,2669.89990234375,2489.89990234375
2024-10,2688.904349949049,2788.5,2606.0
2024-11,2649.8150146484377,2740.300048828125,2565.699951171875
2024-12,2643.5809500558034,2733.800048828125,2592.199951171875
2025-01,2722.9476260230654,2823.0,2638.39990234375
2025-02,2897.1157997532896,2947.89990234375,2833.89990234375
2025-03,2986.4095284598216,3122.800048828125,2890.199951171875
2025-04,3211.152367001488,3406.199951171875,2951.300048828125
2025-05,3280.7380952380954,3411.39990234375,3181.39990234375
2025-06,3350.939990234375,3431.199951171875,3273.699951171875
2025-07,3341.808699898098,3439.199951171875,3293.199951171875
2025-08,3372.7428385416665,3473.699951171875,3313.39990234375
2025-09,3682.2999906994046,3840.800048828125,3549.39990234375
2025-10,4044.3739066745925,4336.39990234375,3839.699951171875
2025-11,4082.1157612047696,4218.2998046875,3947.699951171875
2025-12,4311.059104225852,4529.10009765625,4186.60009765625
