year_month,helium_usd_cubic_meter
2019-01,7.57
2019-02,7.57
2019-03,7.57
2019-04,7.57
2019-05,7.57
2019-06,7.57
2019-07,7.57
2019-08,7.57
2019-09,7.57
2019-10,7.57
2019-11,7.57
2019-12,7.57
2020-01,7.57
2020-02,7.57
2020-03,7.57
2020-04,7.57
2020-05,7.57
2020-06,7.57
2020-07,7.57
2020-08,7.57
2020-09,7.57
2020-10,7.57
2020-11,7.57
2020-12,7.57
2021-01,7.57
2021-02,7.57
2021-03,7.57
2021-04,7.57
2021-05,7.57
2021-06,7.57
2021-07,7.57
2021-08,7.57
2021-09,7.57
2021-10,7.57
2021-11,7.57
2021-12,7.57
2022-01,11.0
2022-02,11.0
2022-03,11.0
2022-04,11.0
2022-05,11.0
2022-06,11.0
2022-07,11.0
2022-08,11.0
2022-09,11.0
2022-10,11.0
2022-11,11.0
2022-12,11.0
2023-01,14.0
2023-02,14.0
2023-03,14.0
2023-04,14.0
2023-05,14.0
2023-06,14.0
2023-07,14.0
2023-08,14.0
2023-09,14.0
2023-10,14.0
2023-11,14.0
2023-12,14.0
2024-01,14.0
2024-02,14.0
2024-03,14.0
2024-04,14.0
2024-05,14.0
2024-06,14.0
2024-07,14.0
2024-08,14.0
2024-09,14.0
2024-10,14.0
2024-11,14.0
2024-12,14.0
2025-01,12.0
2025-02,12.0
2025-03,12.0
2025-04,12.0
2025-05,12.0
2025-06,12.0
2025-07,12.0
2025-08,12.0
2025-09,12.0
2025-10,12.0
2025-11,12.0
2025-12,12.0
