year_month,israel_palestine_events,russia_ukraine_events,yemen_events,israel_palestine_fatalities,russia_ukraine_fatalities,yemen_fatalities,wti_crude_usd_bbl,brent_crude_usd_bbl,heating_oil_usd_gal,henry_hub_gas_usd_mmbtu,gold_close_mean,gold_close_max,gold_close_min,copper_usd_metric_ton,coal_australia_usd_metric_ton,helium_usd_cubic_meter
2019-01,56.0,1033.0,747.0,3.0,69.0,1599.0,51.38,59.41,1.819,3.11,1290.8618977864585,1319.699951171875,1279.0999755859375,5939.102272727273,105.4012987,7.57
2019-02,50.0,1131.0,664.0,0.0,72.0,1443.0,54.95,63.96,1.931,2.69,1318.4473684210527,1343.300048828125,1307.0,6300.4875,101.3571429,7.57
2019-03,169.0,1348.0,768.0,3.0,30.0,1719.0,58.15,66.14,1.965,2.95,1298.5285935174852,1321.9000244140625,1282.0,6439.464285714286,99.66989796,7.57
2019-04,54.0,1297.0,683.0,2.0,33.0,1658.0,63.86,71.23,2.036,2.65,1284.7857200985864,1309.0999755859375,1269.300048828125,6438.3625,88.76464286,7.57
2019-05,136.0,1235.0,649.0,12.0,21.0,1748.0,60.83,71.32,2.006,2.64,1283.3727195046165,1305.800048828125,1269.699951171875,6017.904761904762,89.56428571,7.57
2019-06,60.0,1383.0,630.0,1.0,24.0,1673.0,54.66,64.22,1.82,2.4,1359.669989013672,1414.9000244140625,1322.699951171875,5882.225,77.62982143,7.57
2019-07,33.0,1156.0,578.0,6.0,31.0,1453.0,57.35,63.92,1.888,2.37,1413.295448996804,1429.699951171875,1385.5999755859375,5941.195652173913,77.84580745,7.57
2019-08,61.0,872.0,510.0,9.0,29.0,1237.0,54.81,59.04,1.795,2.22,1502.0363658558238,1541.0,1420.9000244140625,5709.440476190476,69.73928571,7.57
2019-09,38.0,1184.0,439.0,0.0,23.0,894.0,56.95,62.83,1.919,2.56,1507.4199951171877,1550.300048828125,1465.699951171875,5759.25,66.95867347,7.57
2019-10,51.0,1483.0,485.0,1.0,15.0,926.0,53.96,59.71,1.92,2.33,1493.330423106318,1511.4000244140625,1477.5999755859375,5757.297826086957,69.19425466,7.57
2019-11,118.0,1150.0,520.0,43.0,15.0,682.0,57.03,63.21,1.915,2.65,1470.0000061035155,1508.0,1452.0999755859375,5859.952380952381,69.72908163,7.57
2019-12,49.0,1039.0,580.0,2.0,20.0,798.0,59.88,67.31,1.966,2.22,1480.8523763020833,1519.5,1459.0999755859375,6077.0625,70.46464286,7.57
2020-01,6.0,681.0,293.0,0.0,10.0,544.0,57.52,63.65,1.829,2.02,1559.933337983631,1583.5,1524.5,6031.209090909091,72.10616883,7.57
2020-02,4.0,745.0,279.0,0.0,11.0,522.0,50.54,55.66,1.589,1.91,1595.6157804790296,1672.4000244140625,1550.4000244140625,5687.75,71.05017857,7.57
2020-03,3.0,856.0,343.0,0.0,12.0,903.0,29.21,32.01,1.156,1.79,1594.6500077681108,1674.5,1477.300048828125,5182.631818181818,70.20487013,7.57
2020-04,3.0,628.0,449.0,1.0,7.0,1172.0,16.55,18.38,0.852,1.74,1694.9809395926338,1756.699951171875,1578.199951171875,5057.972,64.62,7.57
2020-05,3.0,692.0,393.0,0.0,7.0,1051.0,28.56,29.38,0.843,1.75,1718.6900146484377,1753.4000244140625,1684.199951171875,5239.826315789474,54.14830827,7.57
2020-06,4.0,538.0,413.0,0.0,7.0,972.0,38.31,40.27,1.073,1.63,1735.922735040838,1793.0,1676.199951171875,5754.595454545455,55.00275974,7.57
2020-07,1.0,458.0,377.0,1.0,5.0,714.0,40.71,43.24,1.187,1.76,1847.5409046519887,1962.800048828125,1773.199951171875,6372.460869565217,51.67220497,7.57
2020-08,8.0,79.0,409.0,0.0,15.0,1020.0,42.34,44.74,1.18,2.3,1966.2380836123511,2051.5,1911.800048828125,6508.392857142857,51.3825,7.57
2020-09,0.0,110.0,418.0,0.0,5.0,839.0,39.63,40.91,1.069,1.92,1920.2761869884675,1968.199951171875,1857.699951171875,6704.9,52.00568182,7.57
2020-10,1.0,130.0,376.0,0.0,20.0,755.0,39.4,40.19,1.099,2.39,1900.245450106534,1924.5999755859373,1865.5999755859373,6713.811363636364,58.06948052,7.57
2020-11,1.0,114.0,365.0,0.0,2.0,995.0,40.94,42.69,1.16,2.61,1866.0799987792968,1950.300048828125,1775.699951171875,7068.907142857143,62.94642857,7.57
2020-12,0.0,152.0,276.0,0.0,6.0,615.0,47.02,49.99,1.366,2.58,1859.2954434481533,1893.0999755859373,1814.0999755859373,7772.238095238095,80.58979592,7.57
2021-01,1.0,178.0,239.0,0.0,8.0,480.0,52.0,54.77,1.477,2.71,1865.1842169510687,1952.699951171875,1829.300048828125,7972.1475,90.99535714,7.57
2021-02,3.0,225.0,343.0,1.0,12.0,1218.0,59.04,62.28,1.67,5.35,1805.531584087171,1860.800048828125,1728.0999755859375,8470.94,92.48571429,7.57
2021-03,2.0,216.0,392.0,0.0,10.0,1440.0,62.33,65.41,1.704,2.62,1719.5173923658288,1741.4000244140625,1677.699951171875,8988.247826086958,95.23090062,7.57
2021-04,2.0,389.0,361.0,0.0,12.0,1077.0,61.72,64.81,1.704,2.66,1759.757144019717,1792.300048828125,1726.5,9324.8175,97.84767857,7.57
2021-05,19.0,487.0,243.0,0.0,9.0,866.0,65.17,68.53,1.834,2.91,1850.6450073242188,1902.5,1775.800048828125,10166.285,104.2071429,7.57
2021-06,5.0,269.0,225.0,0.0,5.0,757.0,71.38,73.16,1.911,3.26,1834.122736150568,1907.5,1762.800048828125,9631.5,132.1529221,7.57
2021-07,5.0,385.0,315.0,0.0,2.0,692.0,72.49,75.17,1.947,3.84,1805.5047607421875,1831.199951171875,1775.9000244140625,9450.820454545456,153.1982143,7.57
2021-08,4.0,347.0,264.0,0.0,9.0,612.0,67.7,70.61,1.873,4.07,1785.231805974787,1818.0999755859373,1723.4000244140625,9370.138571428572,173.5683673,7.57
2021-09,1.0,353.0,225.0,0.0,7.0,557.0,71.65,74.49,2.053,5.16,1775.8999953497023,1830.9000244140625,1721.5,9324.709545454543,188.1228896,7.57
2021-10,2.0,457.0,310.0,0.0,4.0,813.0,81.48,83.54,2.382,5.51,1776.404750279018,1806.0,1754.5999755859375,9829.219047619048,240.7321429,7.57
2021-11,0.0,583.0,298.0,0.0,10.0,1240.0,79.15,81.05,2.253,5.05,1819.499988374256,1869.699951171875,1763.5999755859375,9728.904545454545,177.8016234,7.57
2021-12,1.0,310.0,306.0,0.0,7.0,877.0,71.71,74.17,2.118,3.76,1791.0454434481535,1827.5,1760.699951171875,9551.18,181.4739796,7.57
2022-01,0.0,258.0,326.0,0.0,4.0,677.0,83.22,86.51,2.481,4.38,1816.6399963378904,1852.699951171875,1784.9000244140625,9782.3375,231.7601786,11.0
2022-02,0.0,949.0,185.0,0.0,337.0,434.0,91.64,97.13,2.737,4.69,1857.7420911287008,1925.0999755859373,1800.300048828125,9943.175,272.4867857,11.0
2022-03,2.0,1334.0,191.0,0.0,3429.0,405.0,108.5,117.25,3.635,4.9,1950.6739024286685,2040.0999755859373,1908.0,10230.89391304348,353.440528,11.0
2022-04,2.0,962.0,173.0,0.0,1477.0,60.0,101.78,104.58,3.952,6.6,1933.9300048828125,1982.9000244140625,1885.9000244140625,10174.34761904762,334.7182331,11.0
2022-05,2.0,1224.0,180.0,0.0,1909.0,51.0,109.55,113.34,4.497,8.14,1845.9380987258185,1881.199951171875,1807.4000244140625,9395.027272727271,418.4938776,11.0
2022-06,3.0,1445.0,156.0,0.0,625.0,51.0,114.84,122.71,4.246,7.7,1834.547619047619,1871.5,1804.0999755859373,9067.55181818182,427.425,11.0
2022-07,0.0,1879.0,155.0,0.0,1549.0,28.0,101.62,111.93,3.552,7.28,1729.8,1798.9000244140625,1699.5,7544.809523809524,433.6265306,11.0
2022-08,4.0,2124.0,202.0,0.0,1385.0,69.0,93.67,100.45,3.437,8.81,1762.4782608695652,1798.5999755859375,1712.800048828125,7990.812173913043,447.4475649,11.0
2022-09,1.0,1696.0,200.0,0.0,1806.0,36.0,84.26,89.76,3.257,7.88,1678.6142868768602,1728.0999755859375,1623.300048828125,7746.011363636364,467.7836735,11.0
2022-10,1.0,1417.0,90.0,1.0,1650.0,48.0,87.55,93.33,4.163,5.66,1665.8380940755208,1721.0999755859375,1627.5,7651.082857142857,426.9091837,11.0
2022-11,2.0,1518.0,58.0,0.0,2377.0,43.0,84.37,91.42,3.821,5.45,1726.047630673363,1773.800048828125,1627.300048828125,8049.861363636364,368.2582792,11.0
2022-12,1.0,1398.0,64.0,0.0,1790.0,56.0,76.44,80.92,2.937,5.53,1797.1142868768602,1819.699951171875,1767.4000244140625,8371.091363636364,427.6869643,11.0
2023-01,1.0,1460.0,50.0,0.0,1266.0,35.0,78.12,82.5,3.085,3.27,1899.834991455078,1941.199951171875,1834.800048828125,9007.346363636363,404.5352041,14.0
2023-02,0.0,1335.0,50.0,0.0,628.0,27.0,76.83,82.59,2.645,2.38,1853.2368485300165,1927.800048828125,1808.800048828125,8936.587,244.2053571,14.0
2023-03,3.0,1340.0,66.0,0.0,983.0,82.0,73.28,78.43,2.571,2.31,1912.9608685037365,1993.800048828125,1812.699951171875,8856.310869565217,195.9992236,14.0
2023-04,1.0,1120.0,52.0,0.0,307.0,20.0,79.45,84.64,2.424,2.16,2001.04736328125,2041.300048828125,1979.5,8809.1575,200.6761905,14.0
2023-05,6.0,1283.0,53.0,0.0,1066.0,29.0,71.58,75.47,2.181,2.15,1993.4227294921875,2048.0,1943.0999755859373,8243.156086956522,179.2623214,14.0
2023-06,3.0,1420.0,43.0,4.0,612.0,30.0,70.25,74.84,2.278,2.18,1941.652378627232,1978.0,1909.199951171875,8396.517727272727,138.6316558,14.0
2023-07,3.0,1147.0,62.0,0.0,423.0,21.0,76.07,80.11,2.498,2.55,1950.7649963378904,1977.5,1908.699951171875,8476.679047619047,141.0295918,14.0
2023-08,0.0,1439.0,68.0,0.0,309.0,32.0,81.39,86.15,2.939,2.58,1917.5565185546875,1944.300048828125,1884.0999755859373,8347.828260869564,152.7925325,14.0
2023-09,2.0,1251.0,70.0,0.0,102.0,30.0,89.43,93.72,3.168,2.64,1912.4099975585937,1945.5999755859373,1848.0999755859373,8276.71380952381,168.4790816,14.0
2023-10,32.0,1214.0,50.0,97.0,636.0,39.0,85.64,90.6,3.002,2.98,1915.5681762695312,1996.199951171875,1816.5999755859373,7941.355909090909,150.7383117,14.0
2023-11,12.0,1063.0,23.0,1.0,732.0,20.0,77.69,82.94,2.811,2.71,1985.3714250837052,2047.0999755859373,1932.5999755859373,8189.587727272727,132.1193182,14.0
2023-12,7.0,1114.0,30.0,0.0,172.0,41.0,71.9,77.63,2.54,2.52,2031.6749938964845,2081.89990234375,1977.800048828125,8407.900476190476,149.362218,14.0
2024-01,5.0,1162.0,22.0,0.0,227.0,18.0,74.15,80.12,2.59,3.18,2028.0428466796875,2064.39990234375,2002.5999755859373,8351.339565217391,140.8178571,14.0
2024-02,4.0,1073.0,32.0,0.0,203.0,21.0,77.25,83.48,2.703,1.72,2025.214990234375,2053.0,1990.300048828125,8304.950476190475,128.7005102,14.0
2024-03,11.0,1335.0,21.0,3.0,185.0,9.0,81.28,85.41,2.601,1.49,2161.8699951171875,2217.39990234375,2086.89990234375,8692.819047619048,137.7032143,14.0
2024-04,13.0,1079.0,22.0,1.0,157.0,13.0,85.35,89.94,2.536,1.6,2332.590897993608,2398.39990234375,2236.5,9445.593636363636,137.4953571,14.0
2024-05,1500.0,4796.0,266.0,2431.0,8126.0,224.0,80.02,81.75,2.345,2.12,2349.6318026455965,2433.89990234375,2299.0,10117.163478260873,148.0060714,14.0
2024-06,1365.0,5001.0,360.0,2069.0,9227.0,225.0,79.77,82.25,2.351,2.54,2326.0789345189146,2370.300048828125,2299.199951171875,9648.167,143.5092857,14.0
2024-07,1480.0,5579.0,368.0,2430.0,5977.0,178.0,81.8,85.15,2.351,2.07,2393.3363702947445,2462.39990234375,2323.0,9385.31304347826,141.9942857,14.0
2024-08,1607.0,6415.0,290.0,2404.0,5738.0,169.0,76.68,80.36,2.163,1.99,2467.249988902699,2525.699951171875,2389.10009765625,8981.117727272727,151.635,14.0
2024-09,1348.0,6508.0,376.0,1288.0,6360.0,356.0,70.24,74.02,1.693,2.28,2572.869982910156,2669.89990234375,2489.89990234375,9259.128571428571,148.7432143,14.0
2024-10,1845.0,6856.0,327.0,2966.0,7962.0,234.0,71.99,75.63,1.905,2.2,2688.904349949049,2788.5,2606.0,9533.991304347826,153.2175,14.0
2024-11,1546.0,5997.0,301.0,2247.0,9332.0,179.0,69.95,74.35,2.14,2.12,2649.8150146484377,2740.300048828125,2565.699951171875,9075.727142857144,150.57,14.0
2024-12,991.0,5896.0,371.0,1568.0,9118.0,383.0,70.12,73.86,2.134,3.01,2643.5809500558034,2733.800048828125,2592.199951171875,8909.907727272726,140.2242857,14.0
2025-01,793.0,6930.0,432.0,1147.0,7298.0,355.0,75.74,79.27,2.407,4.13,2722.9476260230654,2823.0,2638.39990234375,8976.68043478261,125.3228571,12.0
2025-02,365.0,6629.0,293.0,158.0,6896.0,262.0,71.53,75.44,2.346,4.19,2897.1157997532896,2947.89990234375,2833.89990234375,9330.975,113.1739286,12.0
2025-03,767.0,7444.0,446.0,1320.0,7869.0,324.0,68.24,72.73,2.148,4.12,2986.4095284598216,3122.800048828125,2890.199951171875,9735.823333333332,104.7685714,12.0
2025-04,0.0,0.0,0.0,0.0,0.0,0.0,63.54,68.13,2.031,3.42,3211.152367001488,3406.199951171875,2951.300048828125,9172.695909090908,101.1428571,12.0
2025-05,0.0,0.0,0.0,0.0,0.0,0.0,62.17,64.45,1.984,3.12,3280.7380952380954,3411.39990234375,3181.39990234375,9531.200909090909,104.0378571,12.0
2025-06,0.0,0.0,0.0,0.0,0.0,0.0,68.17,71.44,2.174,3.02,3350.939990234375,3431.199951171875,3273.699951171875,9835.068095238095,110.1385714,12.0
2025-07,0.0,0.0,0.0,0.0,0.0,0.0,68.39,71.04,2.324,3.2,3341.808699898098,3439.199951171875,3293.199951171875,9770.580434782609,116.2992857,12.0
2025-08,0.0,0.0,0.0,0.0,0.0,0.0,64.86,67.87,2.178,2.91,3372.7428385416665,3473.699951171875,3313.39990234375,9671.875714285714,119.2135714,12.0
2025-09,0.0,0.0,0.0,0.0,0.0,0.0,63.96,67.99,2.243,2.97,3682.2999906994046,3840.800048828125,3549.39990234375,9994.773181818182,112.5342857,12.0
2025-10,0.0,0.0,0.0,0.0,0.0,0.0,60.89,64.54,2.19,3.19,4044.373906674593,4336.39990234375,3839.699951171875,10739.91826086957,111.4982143,12.0
2025-11,0.0,0.0,0.0,0.0,0.0,0.0,60.06,63.8,2.376,3.79,4082.1157612047696,4218.2998046875,3947.699951171875,10812.028,115.4367857,12.0
2025-12,0.0,0.0,0.0,0.0,0.0,0.0,57.97,62.54,2.112,4.26,4311.059104225852,4529.10009765625,4186.60009765625,11790.96409090909,115.6842857,12.0
