date,coal_australia_usd_metric_ton
2019-01-01,105.4012987
2019-02-01,101.3571429
2019-03-01,99.66989796
2019-04-01,88.76464286
2019-05-01,89.56428571
2019-06-01,77.62982143
2019-07-01,77.84580745
2019-08-01,69.73928571
2019-09-01,66.95867347
2019-10-01,69.19425466
2019-11-01,69.72908163
2019-12-01,70.46464286
2020-01-01,72.10616883
2020-02-01,71.05017857
2020-03-01,70.20487013
2020-04-01,64.62
2020-05-01,54.14830827
2020-06-01,55.00275974
2020-07-01,51.67220497
2020-08-01,51.3825
2020-09-01,52.00568182
2020-10-01,58.06948052
2020-11-01,62.94642857
2020-12-01,80.58979592
2021-01-01,90.99535714
2021-02-01,92.48571429
2021-03-01,95.23090062
2021-04-01,97.84767857
2021-05-01,104.2071429
2021-06-01,132.1529221
2021-07-01,153.1982143
2021-08-01,173.5683673
2021-09-01,188.1228896
2021-10-01,240.7321429
2021-11-01,177.8016234
2021-12-01,181.4739796
2022-01-01,231.7601786
2022-02-01,272.4867857
2022-03-01,353.440528
2022-04-01,334.7182331
2022-05-01,418.4938776
2022-06-01,427.425
2022-07-01,433.6265306
2022-08-01,447.4475649
2022-09-01,467.7836735
2022-10-01,426.9091837
2022-11-01,368.2582792
2022-12-01,427.6869643
2023-01-01,404.5352041
2023-02-01,244.2053571
2023-03-01,195.9992236
2023-04-01,200.6761905
2023-05-01,179.2623214
2023-06-01,138.6316558
2023-07-01,141.0295918
2023-08-01,152.7925325
2023-09-01,168.4790816
2023-10-01,150.7383117
2023-11-01,132.1193182
2023-12-01,149.362218
2024-01-01,140.8178571
2024-02-01,128.7005102
2024-03-01,137.7032143
2024-04-01,137.4953571
2024-05-01,148.0060714
2024-06-01,143.5092857
2024-07-01,141.9942857
2024-08-01,151.635
2024-09-01,148.7432143
2024-10-01,153.2175
2024-11-01,150.57
2024-12-01,140.2242857
2025-01-01,125.3228571
2025-02-01,113.1739286
2025-03-01,104.7685714
2025-04-01,101.1428571
2025-05-01,104.0378571
2025-06-01,110.1385714
2025-07-01,116.2992857
2025-08-01,119.2135714
2025-09-01,112.5342857
2025-10-01,111.4982143
2025-11-01,115.4367857
2025-12-01,115.6842857
