date,wti_crude_usd_bbl,brent_crude_usd_bbl,heating_oil_usd_gal,henry_hub_gas_usd_mmbtu
2019-01-01,51.38,59.41,1.819,3.11
2019-02-01,54.95,63.96,1.931,2.69
2019-03-01,58.15,66.14,1.965,2.95
2019-04-01,63.86,71.23,2.036,2.65
2019-05-01,60.83,71.32,2.006,2.64
2019-06-01,54.66,64.22,1.82,2.4
2019-07-01,57.35,63.92,1.888,2.37
2019-08-01,54.81,59.04,1.795,2.22
2019-09-01,56.95,62.83,1.919,2.56
2019-10-01,53.96,59.71,1.92,2.33
2019-11-01,57.03,63.21,1.915,2.65
2019-12-01,59.88,67.31,1.966,2.22
2020-01-01,57.52,63.65,1.829,2.02
2020-02-01,50.54,55.66,1.589,1.91
2020-03-01,29.21,32.01,1.156,1.79
2020-04-01,16.55,18.38,0.852,1.74
2020-05-01,28.56,29.38,0.843,1.75
2020-06-01,38.31,40.27,1.073,1.63
2020-07-01,40.71,43.24,1.187,1.76
2020-08-01,42.34,44.74,1.18,2.3
2020-09-01,39.63,40.91,1.069,1.92
2020-10-01,39.4,40.19,1.099,2.39
2020-11-01,40.94,42.69,1.16,2.61
2020-12-01,47.02,49.99,1.366,2.58
2021-01-01,52.0,54.77,1.477,2.71
2021-02-01,59.04,62.28,1.67,5.35
2021-03-01,62.33,65.41,1.704,2.62
2021-04-01,61.72,64.81,1.704,2.66
2021-05-01,65.17,68.53,1.834,2.91
2021-06-01,71.38,73.16,1.911,3.26
2021-07-01,72.49,75.17,1.947,3.84
2021-08-01,67.7,70.61,1.873,4.07
2021-09-01,71.65,74.49,2.053,5.16
2021-10-01,81.48,83.54,2.382,5.51
2021-11-01,79.15,81.05,2.253,5.05
2021-12-01,71.71,74.17,2.118,3.76
2022-01-01,83.22,86.51,2.481,4.38
2022-02-01,91.64,97.13,2.737,4.69
2022-03-01,108.5,117.25,3.635,4.9
2022-04-01,101.78,104.58,3.952,6.6
2022-05-01,109.55,113.34,4.497,8.14
2022-06-01,114.84,122.71,4.246,7.7
2022-07-01,101.62,111.93,3.552,7.28
2022-08-01,93.67,100.45,3.437,8.81
2022-09-01,84.26,89.76,3.257,7.88
2022-10-01,87.55,93.33,4.163,5.66
2022-11-01,84.37,91.42,3.821,5.45
2022-12-01,76.44,80.92,2.937,5.53
2023-01-01,78.12,82.5,3.085,3.27
2023-02-01,76.83,82.59,2.645,2.38
2023-03-01,73.28,78.43,2.571,2.31
2023-04-01,79.45,84.64,2.424,2.16
2023-05-01,71.58,75.47,2.181,2.15
2023-06-01,70.25,74.84,2.278,2.18
2023-07-01,76.07,80.11,2.498,2.55
2023-08-01,81.39,86.15,2.939,2.58
2023-09-01,89.43,93.72,3.168,2.64
2023-10-01,85.64,90.6,3.002,2.98
2023-11-01,77.69,82.94,2.811,2.71
2023-12-01,71.9,77.63,2.54,2.52
2024-01-01,74.15,80.12,2.59,3.18
2024-02-01,77.25,83.48,2.703,1.72
2024-03-01,81.28,85.41,2.601,1.49
2024-04-01,85.35,89.94,2.536,1.6
2024-05-01,80.02,81.75,2.345,2.12
2024-06-01,79.77,82.25,2.351,2.54
2024-07-01,81.8,85.15,2.351,2.07
2024-08-01,76.68,80.36,2.163,1.99
2024-09-01,70.24,74.02,1.693,2.28
2024-10-01,71.99,75.63,1.905,2.2
2024-11-01,69.95,74.35,2.14,2.12
2024-12-01,70.12,73.86,2.134,3.01
2025-01-01,75.74,79.27,2.407,4.13
2025-02-01,71.53,75.44,2.346,4.19
2025-03-01,68.24,72.73,2.148,4.12
2025-04-01,63.54,68.13,2.031,3.42
2025-05-01,62.17,64.45,1.984,3.12
2025-06-01,68.17,71.44,2.174,3.02
2025-07-01,68.39,71.04,2.324,3.2
2025-08-01,64.86,67.87,2.178,2.91
2025-09-01,63.96,67.99,2.243,2.97
2025-10-01,60.89,64.54,2.19,3.19
2025-11-01,60.06,63.8,2.376,3.79
2025-12-01,57.97,62.54,2.112,4.26
